Metric,Value
F1,0.012141700762783009
Recall,0.008228571730388932
EM,0.0
