{
  "train_size": 50,
  "dev_size": 50,
  "train_avg_f1": 0.48778499601373165,
  "dev_avg_f1": 0.49111763472828374,
  "f1_difference": 0.003332638714552083,
  "train_avg_bleu1": 0.45244616207735916,
  "dev_avg_bleu1": 0.4571743144269401,
  "bleu1_difference": 0.004728152349580961,
  "train_avg_bleu4": 0.11843362248423289,
  "dev_avg_bleu4": 0.11850884152173961,
  "bleu4_difference": 7.521903750672132e-05,
  "train_avg_rouge1": 0.5434407007961611,
  "dev_avg_rouge1": 0.5455278939057968,
  "rouge1_difference": 0.0020871931096356766,
  "train_avg_rougeL": 0.44129521790483056,
  "dev_avg_rougeL": 0.46868881504033927,
  "rougeL_difference": 0.027393597135508707,
  "train_exact_match_rate": 0.0,
  "dev_exact_match_rate": 0.0,
  "exact_match_difference": 0.0,
  "mann_whitney_u_stat": 1257.0,
  "mann_whitney_p_value": 0.9642559966694922,
  "distributions_significantly_different": 