Metric,Value
F1,0.14386755225948672
Recall,0.1483073509577195
EM,0.0
